objectid,parentid,title,título,creator/creador,date/fecha,description,descripción,subject/sujeto,location/ ubicación,latitude,longitude,source,identifier,type,format,language/idoma,"rights and reproduction/ Uso y reproducción
",rightsstatement,display_template,object_location,object_transcript,filename,image_small,image_thumb
utblac_independentvoices_laguardia001,,,,La Guardia editorial board and corporate author,1970-10,,,,"Milwaukee, Wisconsin",43.04162246,-87.91112027,"Independent Voice, La Guardia, The University of Texas at Austin;https://www.jstor.org/action/doBasicSearch?Query=La+Guardia&so=rel",utblac_independentvoices_laguardia_vol.2_no.1_image,Text,image/JPG,eng/esp,"The University of Texas Libraries makes this electronic resource available solely for the purposes of research and teaching. Copyright holders retain intellectual property rights over this content, not the University of Texas. You must request formal permission from the copyright holder to republish this material. If you would like to republish this resource in print or electronically, please contact Benson Special Collections staff at bensonspecialcollections@austin.utexas.edu. —— Las Bibliotecas de la Universidad de Texas proveen acceso a este recurso electrónico únicamente con fines de investigación y enseñanza. Los titulares de derechos de autor conservan los derechos sobre este contenido, no la Universidad de Texas. Debe obtener un permiso formal del titular de los derechos de autor para volver a publicar este material. Si quisiera publicar en forma impresa o electrónica este recurso, por favor comuníquese con el personal de las Colecciones Especiales de la Benson por correo electrónico, bensonspecialcollections@austin.utexas.edu.",In Copyright - Educational Use Permitted / Protegido por Derecho de Autor - Uso Educativo Permitido (https://rightsstatements.org/page/InC-EDU/1.0/?language=en),image,/objects/utblac_independentvoices_laguardia_vol.2_no.1_image.JPG,,utblac_independentvoices_laguardia_vol.2_no.1_image,/objects/small/utblac_independentvoices_laguardia_vol.2_no.1_image_sm.jpg,/objects/thumbs/utblac_independentvoices_laguardia_vol.2_no.1_image_th.jpg
utblac_independentvoices_laguardia002,,,,La Guardia editorial board and corporate author,1970-10,,,,University of Wisconsin-Milwaukee,43.07839619,-87.88201152,"Independent Voice, La Guardia, The University of Texas at Austin;https://www.jstor.org/action/doBasicSearch?Query=La+Guardia&so=rel",utblac_independentvoices_laguardia_vol.2_no.1_luchandopormejoreducacion,Text,image/PNG,eng/esp,"The University of Texas Libraries makes this electronic resource available solely for the purposes of research and teaching. Copyright holders retain intellectual property rights over this content, not the University of Texas. You must request formal permission from the copyright holder to republish this material. If you would like to republish this resource in print or electronically, please contact Benson Special Collections staff at bensonspecialcollections@austin.utexas.edu. —— Las Bibliotecas de la Universidad de Texas proveen acceso a este recurso electrónico únicamente con fines de investigación y enseñanza. Los titulares de derechos de autor conservan los derechos sobre este contenido, no la Universidad de Texas. Debe obtener un permiso formal del titular de los derechos de autor para volver a publicar este material. Si quisiera publicar en forma impresa o electrónica este recurso, por favor comuníquese con el personal de las Colecciones Especiales de la Benson por correo electrónico, bensonspecialcollections@austin.utexas.edu.",In Copyright - Educational Use Permitted / Protegido por Derecho de Autor - Uso Educativo Permitido (https://rightsstatements.org/page/InC-EDU/1.0/?language=en),image,/objects/utblac_independentvoices_laguardia_vol.2_no.1_luchandopormejoreducacion.PNG,,utblac_independentvoices_laguardia_vol.2_no.1_luchandopormejoreducacion,/objects/small/utblac_independentvoices_laguardia_vol.2_no.1_luchandopormejoreducacion_sm.jpg,/objects/thumbs/utblac_independentvoices_laguardia_vol.2_no.1_luchandopormejoreducacion_th.jpg
utblac_independentvoices_laguardia003,,"La Guardia, Volume 2, Issue 1; The Hispanic Center ","La Guardia, Volumen 2, Emisión 1; El Centro Hispano","Valdez, Lalo ;  Moreno, Maia ;   Balderas, Polo ; Shalhoub,  Rico ; Saker,   Linda ;  Gutierrez, Jesse ;  Perez,Charlie ;   Stewart, Hollis ;  Shalhoub, Lucha S.;  Alvarez, Juan ;  Bejar, Jesus ;  Miller, Chuck ; Orellana, Patt Armando ;  Andres del ""East Side"", and  Rivas, Rudy",1970-10,"El Centro Hispano opened in 1964, staffed by volunteers, to serve the Spanish-speaking community of Milwaukee. They assisted people with job placement, housing, and English tutoring programs.","El Centro Hispano abrió en 1964, atendido por voluntarios, para servir a la comunidad de habla hispana de Milwaukee. Ayudaron a las personas con la colocación laboral, la vivienda y los programas de tutoría de inglés. ",Community centers  ; Centro comunitario ,"East Los Angeles, California",34.02264673,-118.1655142,"Independent Voice, La Guardia, The University of Texas at Austin;https://www.jstor.org/action/doBasicSearch?Query=La+Guardia&so=rel",utblac_independentvoices_laguardia_vol.2_no.1_pg.12,Text,image/JPG,eng/esp,"The University of Texas Libraries makes this electronic resource available solely for the purposes of research and teaching. Copyright holders retain intellectual property rights over this content, not the University of Texas. You must request formal permission from the copyright holder to republish this material. If you would like to republish this resource in print or electronically, please contact Benson Special Collections staff at bensonspecialcollections@austin.utexas.edu. —— Las Bibliotecas de la Universidad de Texas proveen acceso a este recurso electrónico únicamente con fines de investigación y enseñanza. Los titulares de derechos de autor conservan los derechos sobre este contenido, no la Universidad de Texas. Debe obtener un permiso formal del titular de los derechos de autor para volver a publicar este material. Si quisiera publicar en forma impresa o electrónica este recurso, por favor comuníquese con el personal de las Colecciones Especiales de la Benson por correo electrónico, bensonspecialcollections@austin.utexas.edu.",In Copyright - Educational Use Permitted / Protegido por Derecho de Autor - Uso Educativo Permitido (https://rightsstatements.org/page/InC-EDU/1.0/?language=en),image,/objects/utblac_independentvoices_laguardia_vol.2_no.1_pg.12.JPG,,utblac_independentvoices_laguardia_vol.2_no.1_pg.12,/objects/small/utblac_independentvoices_laguardia_vol.2_no.1_pg.12_sm.jpg,/objects/thumbs/utblac_independentvoices_laguardia_vol.2_no.1_pg.12_th.jpg
utblac_independentvoices_laguardia004,,"La Guardia, Volume 2, Issue 1; Race Yes War No!","La Guardia, Volumen 2, Emisión 1; ¡Raza Si Guerra No!","Valdez, Lalo ;  Moreno, Maia ;   Balderas, Polo ; Shalhoub,  Rico ; Saker,   Linda ;  Gutierrez, Jesse ;  Perez,Charlie ;   Stewart, Hollis ;  Shalhoub, Lucha S.;  Alvarez, Juan ;  Bejar, Jesus ;  Miller, Chuck ; Orellana, Patt Armando ;  Andres del ""East Side"", and  Rivas, Rudy",1970-10,"People from all over the country came to East Los Angeles to protest against the Vietnam war and the Chicano genocide. Many Chicanos were being drafted into the war, and dying. Before the speeches started at the park, the police came and started swinging their clubs. The bus service was cut off, so it would not be by the Chicano moratorium. People state that the police attacked, and a gas canister hit someone. About 197 people were arrested. ","Gente de todo el país vino al este de Los Ángeles para protestar contra la guerra de Vietnam y el genocidio chicano. Muchos chicanos estaban siendo reclutados para la guerra y estaban muriendo. Antes de que comenzaran los discursos en el parque, llegó la policía y comenzó a blandir sus garrotes. El servicio de buses fue cortado, por lo que no sería por la moratoria chicana. La gente dice que la policía atacó y una bombona de gas golpeó a alguien. Cerca de 197 personas fueron arrestadas.",Protests movements ; Movimientos de protesta ; Police violence ; Violencia policial ;,"Milwaukee, Wisconsin; El Centro Hispano",43.02356673,-87.91772086,"Independent Voice, La Guardia, The University of Texas at Austin;https://www.jstor.org/action/doBasicSearch?Query=La+Guardia&so=rel",utblac_independentvoices_laguardia_vol.2_no.1_pg.6,Text,image/JPG,eng/esp,"The University of Texas Libraries makes this electronic resource available solely for the purposes of research and teaching. Copyright holders retain intellectual property rights over this content, not the University of Texas. You must request formal permission from the copyright holder to republish this material. If you would like to republish this resource in print or electronically, please contact Benson Special Collections staff at bensonspecialcollections@austin.utexas.edu. —— Las Bibliotecas de la Universidad de Texas proveen acceso a este recurso electrónico únicamente con fines de investigación y enseñanza. Los titulares de derechos de autor conservan los derechos sobre este contenido, no la Universidad de Texas. Debe obtener un permiso formal del titular de los derechos de autor para volver a publicar este material. Si quisiera publicar en forma impresa o electrónica este recurso, por favor comuníquese con el personal de las Colecciones Especiales de la Benson por correo electrónico, bensonspecialcollections@austin.utexas.edu.",In Copyright - Educational Use Permitted / Protegido por Derecho de Autor - Uso Educativo Permitido (https://rightsstatements.org/page/InC-EDU/1.0/?language=en),image,/objects/utblac_independentvoices_laguardia_vol.2_no.1_pg.6.JPG,,utblac_independentvoices_laguardia_vol.2_no.1_pg.6,/objects/small/utblac_independentvoices_laguardia_vol.2_no.1_pg.6_sm.jpg,/objects/thumbs/utblac_independentvoices_laguardia_vol.2_no.1_pg.6_th.jpg
utblac_independentvoices_laguardia005,,"La Guardia, Volume 2, Issue 1; Students Celebrate Sept. 16","La Guardia, Volumen 2, Emisión 1; Estudiantes Celebran el 16 de Sep.","Valdez, Lalo ;  Moreno, Maia ;   Balderas, Polo ; Shalhoub,  Rico ; Saker,   Linda ;  Gutierrez, Jesse ;  Perez,Charlie ;   Stewart, Hollis ;  Shalhoub, Lucha S.;  Alvarez, Juan ;  Bejar, Jesus ;  Miller, Chuck ; Orellana, Patt Armando ;  Andres del ""East Side"", and  Rivas, Rudy",1970-10,"Mexican-American and Puerto Rican students walked out of school during Mexico's independence day. The Brown Berets and the teachers organized the walk-out to celebrate independence day, protest students' lack of education due to the school district, and empower Latine students. The Brown Berets set up speakers, performers, and food to provide entertainment and further students' knowledge about past and current issues.","Los estudiantes mexicano-estadounidenses y puertorriqueños salieron de la escuela durante el día de la independencia de México. Los Brown Berets y los maestros organizaron la marcha para celebrar el día de la independencia, protestar por la falta de educación de los estudiantes debido al distrito escolar y empoderar a los estudiantes latinos. Los Brown Berets instalaron oradores, artistas y comida para proporcionar entretenimiento y aumentar el conocimiento de los estudiantes sobre temas pasados y actuales.",Education ; Educacion ;High school education  ; Educación secundaria  ;  Protests movements ; Movimientos de protesta ; Social activists ; ,"Milwaukee, Wisconsin; Mitchell Street",43.01215186,-87.9244542,"Independent Voice, La Guardia, The University of Texas at Austin;https://www.jstor.org/action/doBasicSearch?Query=La+Guardia&so=rel",utblac_independentvoices_laguardia_vol.2_no.1_pg3,Text,image/JPG,eng/esp,"The University of Texas Libraries makes this electronic resource available solely for the purposes of research and teaching. Copyright holders retain intellectual property rights over this content, not the University of Texas. You must request formal permission from the copyright holder to republish this material. If you would like to republish this resource in print or electronically, please contact Benson Special Collections staff at bensonspecialcollections@austin.utexas.edu. —— Las Bibliotecas de la Universidad de Texas proveen acceso a este recurso electrónico únicamente con fines de investigación y enseñanza. Los titulares de derechos de autor conservan los derechos sobre este contenido, no la Universidad de Texas. Debe obtener un permiso formal del titular de los derechos de autor para volver a publicar este material. Si quisiera publicar en forma impresa o electrónica este recurso, por favor comuníquese con el personal de las Colecciones Especiales de la Benson por correo electrónico, bensonspecialcollections@austin.utexas.edu.",In Copyright - Educational Use Permitted / Protegido por Derecho de Autor - Uso Educativo Permitido (https://rightsstatements.org/page/InC-EDU/1.0/?language=en),image,/objects/utblac_independentvoices_laguardia_vol.2_no.1_pg3.JPG,,utblac_independentvoices_laguardia_vol.2_no.1_pg3,/objects/small/utblac_independentvoices_laguardia_vol.2_no.1_pg3_sm.jpg,/objects/thumbs/utblac_independentvoices_laguardia_vol.2_no.1_pg3_th.jpg
utblac_independentvoices_laguardia006,,"La Guardia, Volume 2, Issue 1; Who Makes it to the University? ","La Guardia, Volumen 2, Emisión 1; ¿Quiénes van a la universidad?","Valdez, Lalo ;  Moreno, Maia ;   Balderas, Polo ; Shalhoub,  Rico ; Saker,   Linda ;  Gutierrez, Jesse ;  Perez,Charlie ;   Stewart, Hollis ;  Shalhoub, Lucha S.;  Alvarez, Juan ;  Bejar, Jesus ;  Miller, Chuck ; Orellana, Patt Armando ;  Andres del ""East Side"", and  Rivas, Rudy",1970-10,"Latine populated Milwaukee High Schools like South Division and Lincoln High are high drop-out rates. The article urges a change of curriculum in these schools to reduce drop-outs, job retention, and increase college applicants. ","Las escuelas secundarias de Milwaukee pobladas por latinos, como South Division y Lincoln High, tienen altas tasas de deserción. El artículo insta a un cambio de plan de estudios en estas escuelas para reducir la deserción, la retención de empleos y aumentar los solicitantes universitarios.",Education ; Educacion ;High school education  ; Educación secundaria  ;  Protests movements ; Movimientos de protesta,University of Wisconsin-Milwaukee,43.07839619,-87.88201152,"Independent Voice, La Guardia, The University of Texas at Austin;https://www.jstor.org/action/doBasicSearch?Query=La+Guardia&so=rel",utblac_independentvoices_laguardia_vol.2_no.1_pg4,Text,image/JPG,eng/esp,"The University of Texas Libraries makes this electronic resource available solely for the purposes of research and teaching. Copyright holders retain intellectual property rights over this content, not the University of Texas. You must request formal permission from the copyright holder to republish this material. If you would like to republish this resource in print or electronically, please contact Benson Special Collections staff at bensonspecialcollections@austin.utexas.edu. —— Las Bibliotecas de la Universidad de Texas proveen acceso a este recurso electrónico únicamente con fines de investigación y enseñanza. Los titulares de derechos de autor conservan los derechos sobre este contenido, no la Universidad de Texas. Debe obtener un permiso formal del titular de los derechos de autor para volver a publicar este material. Si quisiera publicar en forma impresa o electrónica este recurso, por favor comuníquese con el personal de las Colecciones Especiales de la Benson por correo electrónico, bensonspecialcollections@austin.utexas.edu.",In Copyright - Educational Use Permitted / Protegido por Derecho de Autor - Uso Educativo Permitido (https://rightsstatements.org/page/InC-EDU/1.0/?language=en),image,/objects/utblac_independentvoices_laguardia_vol.2_no.1_pg4.JPG,,utblac_independentvoices_laguardia_vol.2_no.1_pg4,/objects/small/utblac_independentvoices_laguardia_vol.2_no.1_pg4_sm.jpg,/objects/thumbs/utblac_independentvoices_laguardia_vol.2_no.1_pg4_th.jpg
utblac_independentvoices_laguardia007,,"La Guardia, Volume 2, Issue 1; How La Raza Unida Party is changing Crystal City","La Guardia, Volumen 2, Emisión 1; Cómo el Partido La Raza Unida está cambiando Crystal City","Valdez, Lalo ;  Moreno, Maia ;   Balderas, Polo ; Shalhoub,  Rico ; Saker,   Linda ;  Gutierrez, Jesse ;  Perez,Charlie ;   Stewart, Hollis ;  Shalhoub, Lucha S.;  Alvarez, Juan ;  Bejar, Jesus ;  Miller, Chuck ; Orellana, Patt Armando ;  Andres del ""East Side"", and  Rivas, Rudy",1970-10,"The school board in Crystal, Texas, incorporated changes to help the Chicano community. The La Raza Unida Party led these changes, which were the adaptations that included bilingual education for kindergarten through third grade, the stop of IQ and English Proficiency test, and more."," La junta escolar en Crystal, Texas, incorporó cambios para ayudar a la comunidad chicana. El Partido La Raza Unida ayudo en estos cambios, que fueron las adecuaciones que incluyeron educación bilingüe desde kínder hasta tercer grado, la suspensión de las pruebas de coeficiente intelectual y dominio del inglés, y más.",Education ; Educacion ; Social activists ; activistas sociales,"Crystal City, Texas",28.67748754,-99.82645959,"Independent Voice, La Guardia, The University of Texas at Austin;https://www.jstor.org/action/doBasicSearch?Query=La+Guardia&so=rel",utblac_independentvoices_laguardia_vol.2_no.1_pg5,Text,image/JPG,eng/esp,"The University of Texas Libraries makes this electronic resource available solely for the purposes of research and teaching. Copyright holders retain intellectual property rights over this content, not the University of Texas. You must request formal permission from the copyright holder to republish this material. If you would like to republish this resource in print or electronically, please contact Benson Special Collections staff at bensonspecialcollections@austin.utexas.edu. —— Las Bibliotecas de la Universidad de Texas proveen acceso a este recurso electrónico únicamente con fines de investigación y enseñanza. Los titulares de derechos de autor conservan los derechos sobre este contenido, no la Universidad de Texas. Debe obtener un permiso formal del titular de los derechos de autor para volver a publicar este material. Si quisiera publicar en forma impresa o electrónica este recurso, por favor comuníquese con el personal de las Colecciones Especiales de la Benson por correo electrónico, bensonspecialcollections@austin.utexas.edu.",In Copyright - Educational Use Permitted / Protegido por Derecho de Autor - Uso Educativo Permitido (https://rightsstatements.org/page/InC-EDU/1.0/?language=en),image,/objects/utblac_independentvoices_laguardia_vol.2_no.1_pg5.JPG,,utblac_independentvoices_laguardia_vol.2_no.1_pg5,/objects/small/utblac_independentvoices_laguardia_vol.2_no.1_pg5_sm.jpg,/objects/thumbs/utblac_independentvoices_laguardia_vol.2_no.1_pg5_th.jpg
utblac_independentvoices_laguardia008,,"La Guardia, Volume 2, Issue 1; Boriquen Students Unite!","La Guardia, Volumen 2, Emisión 1; ¡Estudiantes boriqueños se unen!","Valdez, Lalo ;  Moreno, Maia ;   Balderas, Polo ; Shalhoub,  Rico ; Saker,   Linda ;  Gutierrez, Jesse ;  Perez,Charlie ;   Stewart, Hollis ;  Shalhoub, Lucha S.;  Alvarez, Juan ;  Bejar, Jesus ;  Miller, Chuck ; Orellana, Patt Armando ;  Andres del ""East Side"", and  Rivas, Rudy",1970-10,The Young Lords Party (YLP) organized a Puerto Rican conference at the Columbia University. The conference's goal is to empower and educate students and liberate Puerto Rico. It also led to the creation of Liberate Puerto Rico Committee in Milwaukee.,El Young Lords Party (YLP) organizó una conferencia puertorriqueña en la Universidad de Columbia. El objetivo de la conferencia es empoderar y educar a los estudiantes y liberar a Puerto Rico. También condujo a la creación del Comité Liberen a Puerto Rico en Milwaukee.,Conference ; conference ; Higher education ; Enseñanza superior ; Puerto Ricans ; Puertorriqueños ; Social activists ,"Plaza Borinqueña; South Bronx, New York",40.81804586,-73.92097048,"Independent Voice, La Guardia, The University of Texas at Austin;https://www.jstor.org/action/doBasicSearch?Query=La+Guardia&so=rel",utblac_independentvoices_laguardia_vol.2_no.1_pg9,Text,image/JPG,eng/esp,"The University of Texas Libraries makes this electronic resource available solely for the purposes of research and teaching. Copyright holders retain intellectual property rights over this content, not the University of Texas. You must request formal permission from the copyright holder to republish this material. If you would like to republish this resource in print or electronically, please contact Benson Special Collections staff at bensonspecialcollections@austin.utexas.edu. —— Las Bibliotecas de la Universidad de Texas proveen acceso a este recurso electrónico únicamente con fines de investigación y enseñanza. Los titulares de derechos de autor conservan los derechos sobre este contenido, no la Universidad de Texas. Debe obtener un permiso formal del titular de los derechos de autor para volver a publicar este material. Si quisiera publicar en forma impresa o electrónica este recurso, por favor comuníquese con el personal de las Colecciones Especiales de la Benson por correo electrónico, bensonspecialcollections@austin.utexas.edu.",In Copyright - Educational Use Permitted / Protegido por Derecho de Autor - Uso Educativo Permitido (https://rightsstatements.org/page/InC-EDU/1.0/?language=en),image,/objects/utblac_independentvoices_laguardia_vol.2_no.1_pg9.JPG,,utblac_independentvoices_laguardia_vol.2_no.1_pg9,/objects/small/utblac_independentvoices_laguardia_vol.2_no.1_pg9_sm.jpg,/objects/thumbs/utblac_independentvoices_laguardia_vol.2_no.1_pg9_th.jpg
utblac_independentvoices_laguardia009,,"La Guardia, Volume 2, Issue 3; Police Violence Thwarted, 2nd Peaceful March ","La Guardia, Volumen 2, Emisión 3; Violencia policial frustrada, 2ª Marcha Pacífica","Villarreal, Ricardo (Kiki) ; Valdez, Lalo ; Jr. Hall, Roy A. ;Guzior, Loyd ; Rodriguez, Maria ; Gomez, Patricia ; Hernández, Roberto ; Gonzalez,Santa ; Martínez, Estevan ; Báez, Tony ; Zamudio, Berta ; Enríquez, Jean ; Enríquez, Ricardo",1971-03,"Protestors, specifically from the Latin American Union for Civil Rights (LAUCR), protested in support of Ernesto Chacon and Jose Puente. LAUCR made sure it was a peaceful march by speaking to the mayor. The march was against police violence, which occurred in a previous protest ending with Chacon and Puente imprisoned.","Manifestantes, específicamente de la Unión Latinoamericana por los Derechos Civiles (LAUCR), protestaron en apoyo a Ernesto Chacón y José Puente. LAUCR se aseguró de que fuera una marcha pacífica hablando con el alcalde. La marcha fue en contra de la violencia policial, que ocurrió en una protesta anterior que terminó con Chacón y Puente encarcelados.",Protests movements ; Movimientos de protesta ; Police violence ; Violencia policial ;,"Milwaukee, Wisconsin",43.04162246,-87.91112027,"Independent Voice, La Guardia, The University of Texas at Austin;https://www.jstor.org/action/doBasicSearch?Query=La+Guardia&so=rel",utblac_independentvoices_laguardia_vol.2_no.3_pg.2,Text,image/jpg,eng/esp,"The University of Texas Libraries makes this electronic resource available solely for the purposes of research and teaching. Copyright holders retain intellectual property rights over this content, not the University of Texas. You must request formal permission from the copyright holder to republish this material. If you would like to republish this resource in print or electronically, please contact Benson Special Collections staff at bensonspecialcollections@austin.utexas.edu. —— Las Bibliotecas de la Universidad de Texas proveen acceso a este recurso electrónico únicamente con fines de investigación y enseñanza. Los titulares de derechos de autor conservan los derechos sobre este contenido, no la Universidad de Texas. Debe obtener un permiso formal del titular de los derechos de autor para volver a publicar este material. Si quisiera publicar en forma impresa o electrónica este recurso, por favor comuníquese con el personal de las Colecciones Especiales de la Benson por correo electrónico, bensonspecialcollections@austin.utexas.edu.",In Copyright - Educational Use Permitted / Protegido por Derecho de Autor - Uso Educativo Permitido (https://rightsstatements.org/page/InC-EDU/1.0/?language=en),image,/objects/utblac_independentvoices_laguardia_vol.2_no.3_pg.2.jpg,,utblac_independentvoices_laguardia_vol.2_no.3_pg.2,/objects/small/utblac_independentvoices_laguardia_vol.2_no.3_pg.2_sm.jpg,/objects/thumbs/utblac_independentvoices_laguardia_vol.2_no.3_pg.2_th.jpg
utblac_independentvoices_laguardia010,,,,La Guardia editorial board and corporate author,1971-03,,,,The United Spot; Milwaukee Wisconsin,43.02080745,-87.9220658,"Independent Voice, La Guardia, The University of Texas at Austin;https://www.jstor.org/action/doBasicSearch?Query=La+Guardia&so=rel",utblac_independentvoices_laguardia_vol.2_no.3_pg.5,Text,image/jpg,eng/esp,"The University of Texas Libraries makes this electronic resource available solely for the purposes of research and teaching. Copyright holders retain intellectual property rights over this content, not the University of Texas. You must request formal permission from the copyright holder to republish this material. If you would like to republish this resource in print or electronically, please contact Benson Special Collections staff at bensonspecialcollections@austin.utexas.edu. —— Las Bibliotecas de la Universidad de Texas proveen acceso a este recurso electrónico únicamente con fines de investigación y enseñanza. Los titulares de derechos de autor conservan los derechos sobre este contenido, no la Universidad de Texas. Debe obtener un permiso formal del titular de los derechos de autor para volver a publicar este material. Si quisiera publicar en forma impresa o electrónica este recurso, por favor comuníquese con el personal de las Colecciones Especiales de la Benson por correo electrónico, bensonspecialcollections@austin.utexas.edu.",In Copyright - Educational Use Permitted / Protegido por Derecho de Autor - Uso Educativo Permitido (https://rightsstatements.org/page/InC-EDU/1.0/?language=en),image,/objects/utblac_independentvoices_laguardia_vol.2_no.3_pg.5.jpg,,utblac_independentvoices_laguardia_vol.2_no.3_pg.5,/objects/small/utblac_independentvoices_laguardia_vol.2_no.3_pg.5_sm.jpg,/objects/thumbs/utblac_independentvoices_laguardia_vol.2_no.3_pg.5_th.jpg
utblac_independentvoices_laguardia011,,"La Guardia, Volume 2, Issue 3; Justice does Not Have a Sex","La Guardia, Volumen 2, Emisión 3; Justicia No Tiene Sexo","Villarreal, Ricardo (Kiki) ; Valdez, Lalo ; Jr. Hall, Roy A. ;Guzior, Loyd ; Rodriguez, Maria ; Gomez, Patricia ; Hernández, Roberto ; Gonzalez,Santa ; Martínez, Estevan ; Báez, Tony ; Zamudio, Berta ; Enríquez, Jean ; Enríquez, Ricardo",1971-03,"The article discusses sexism, lack of education, and lack of Chicanas in higher education.","El artículo critica las acciones de la fuerza policial y brinda ejemplos de las ocasiones en que la policía actuó violentamente contra los manifestantes. Algunos de los eventos mencionados fueron; Puertorriqueños arrestados durante una boda y acusados ​​de agredir a la policía, miembros del personal arrestados en Spanish Center y más.",Police violence ; Violencia policial ; Puerto Ricans ; Puertorriqueños ,"Magnolia Park Houston, Texas",29.73099187,-95.28803006,"Independent Voice, La Guardia, The University of Texas at Austin;https://www.jstor.org/action/doBasicSearch?Query=La+Guardia&so=rel",utblac_independentvoices_laguardia_vol.2_no.3_pg.7,Text,image/jpg,eng/esp,"The University of Texas Libraries makes this electronic resource available solely for the purposes of research and teaching. Copyright holders retain intellectual property rights over this content, not the University of Texas. You must request formal permission from the copyright holder to republish this material. If you would like to republish this resource in print or electronically, please contact Benson Special Collections staff at bensonspecialcollections@austin.utexas.edu. —— Las Bibliotecas de la Universidad de Texas proveen acceso a este recurso electrónico únicamente con fines de investigación y enseñanza. Los titulares de derechos de autor conservan los derechos sobre este contenido, no la Universidad de Texas. Debe obtener un permiso formal del titular de los derechos de autor para volver a publicar este material. Si quisiera publicar en forma impresa o electrónica este recurso, por favor comuníquese con el personal de las Colecciones Especiales de la Benson por correo electrónico, bensonspecialcollections@austin.utexas.edu.",In Copyright - Educational Use Permitted / Protegido por Derecho de Autor - Uso Educativo Permitido (https://rightsstatements.org/page/InC-EDU/1.0/?language=en),image,/objects/utblac_independentvoices_laguardia_vol.2_no.3_pg.7.jpg,,utblac_independentvoices_laguardia_vol.2_no.3_pg.7,/objects/small/utblac_independentvoices_laguardia_vol.2_no.3_pg.7_sm.jpg,/objects/thumbs/utblac_independentvoices_laguardia_vol.2_no.3_pg.7_th.jpg
utblac_independentvoices_laguardia012,,,,La Guardia editorial board and corporate author,1971-03,,,,"Milwaukee, Wisconsin",43.04162246,-87.91112027,"Independent Voice, La Guardia, The University of Texas at Austin;https://www.jstor.org/action/doBasicSearch?Query=La+Guardia&so=rel",utblac_independentvoices_laguardia_vol.2_no.3_pg.9,Text,image/jpg,eng/esp,"The University of Texas Libraries makes this electronic resource available solely for the purposes of research and teaching. Copyright holders retain intellectual property rights over this content, not the University of Texas. You must request formal permission from the copyright holder to republish this material. If you would like to republish this resource in print or electronically, please contact Benson Special Collections staff at bensonspecialcollections@austin.utexas.edu. —— Las Bibliotecas de la Universidad de Texas proveen acceso a este recurso electrónico únicamente con fines de investigación y enseñanza. Los titulares de derechos de autor conservan los derechos sobre este contenido, no la Universidad de Texas. Debe obtener un permiso formal del titular de los derechos de autor para volver a publicar este material. Si quisiera publicar en forma impresa o electrónica este recurso, por favor comuníquese con el personal de las Colecciones Especiales de la Benson por correo electrónico, bensonspecialcollections@austin.utexas.edu.",In Copyright - Educational Use Permitted / Protegido por Derecho de Autor - Uso Educativo Permitido (https://rightsstatements.org/page/InC-EDU/1.0/?language=en),image,/objects/utblac_independentvoices_laguardia_vol.2_no.3_pg.9.jpg,,utblac_independentvoices_laguardia_vol.2_no.3_pg.9,/objects/small/utblac_independentvoices_laguardia_vol.2_no.3_pg.9_sm.jpg,/objects/thumbs/utblac_independentvoices_laguardia_vol.2_no.3_pg.9_th.jpg
utblac_independentvoices_laguardia013,,"La Guardia, Volume 2, Issue 7; Latins March on State Capitol; Greeted by Mayor","La Guardia, Volumen 2, Emisión 7; Latinos Marchan Hacia el Capitolio Estatal; Eecibidos por el Alcalde","Valdez, Lalo ; Baez, Tony ; Balderas, Polo ; Valdez, Viviana ; Quesada,Carlos ; Mayer, Margie ; Chávez, Tina ; Shalhoub, Rico ; Godoy, Enrique ; Flores, Loyda ;  Villegas, Tacho ;  Rodríguez, Santos ; Álvarez, Rogelio ; Mr. and Mrs. A.Cukurs ;  Miller, Chuck (photographer)",1971-10,"Migrant and ex-migrants farmworkers marched to Wisconsin's state capital. The march started in Milwaukee and ended in Madison. The migrants boycotted the governor's office due to the lack of fulfillment of the Task Force Report, which stated some of the migrant's needs, such as manual driving manuals being printed in Spanish. The protestors successfully negotiated with the governor's office","Trabajadores agrícolas inmigrantes y ex inmigrantes marcharon hacia la capital del estado de Wisconsin. La marcha comenzó en Milwaukee y terminó en Madison. Los migrantes boicotearon la oficina del gobernador debido a la falta de cumplimiento del Informe del Grupo de Trabajo, que establecía algunas de las necesidades de los migrantes, como la impresión de manuales de manejo manual en español. Los manifestantes negociaron con éxito con la oficina del gobernador.",Migrant agricultural laborers  ; Trabajadores migratorios agrícolas   ;  Farmworkers ; Trabajadores agrícolas; Boycotts ;  Boicoteo ;  Protests movements ; Movimientos de protesta ;  Labor rights ; Derechos laborales,"Wisconsin State Capitol",43.07480265,-89.38410619,"Independent Voice, La Guardia, The University of Texas at Austin;https://www.jstor.org/action/doBasicSearch?Query=La+Guardia&so=rel",utblac_independentvoices_laguardia_vol.2_no.7_pg.2,Text,image/JPG,eng/esp,"The University of Texas Libraries makes this electronic resource available solely for the purposes of research and teaching. Copyright holders retain intellectual property rights over this content, not the University of Texas. You must request formal permission from the copyright holder to republish this material. If you would like to republish this resource in print or electronically, please contact Benson Special Collections staff at bensonspecialcollections@austin.utexas.edu. —— Las Bibliotecas de la Universidad de Texas proveen acceso a este recurso electrónico únicamente con fines de investigación y enseñanza. Los titulares de derechos de autor conservan los derechos sobre este contenido, no la Universidad de Texas. Debe obtener un permiso formal del titular de los derechos de autor para volver a publicar este material. Si quisiera publicar en forma impresa o electrónica este recurso, por favor comuníquese con el personal de las Colecciones Especiales de la Benson por correo electrónico, bensonspecialcollections@austin.utexas.edu.",In Copyright - Educational Use Permitted / Protegido por Derecho de Autor - Uso Educativo Permitido (https://rightsstatements.org/page/InC-EDU/1.0/?language=en),image,/objects/utblac_independentvoices_laguardia_vol.2_no.7_pg.2.JPG,,utblac_independentvoices_laguardia_vol.2_no.7_pg.2,/objects/small/utblac_independentvoices_laguardia_vol.2_no.7_pg.2_sm.jpg,/objects/thumbs/utblac_independentvoices_laguardia_vol.2_no.7_pg.2_th.jpg
utblac_independentvoices_laguardia014,,"La Guardia, Volume 2, Issue 7; The Pabst Boycott Continues","La Guardia, Volumen 2, Emisión 7; El Pabst Boicoteo Continuara","Valdez, Lalo ; Baez, Tony ; Balderas, Polo ; Valdez, Viviana ; Quesada,Carlos ; Mayer, Margie ; Chávez, Tina ; Shalhoub, Rico ; Godoy, Enrique ; Flores, Loyda ;  Villegas, Tacho ;  Rodríguez, Santos ; Álvarez, Rogelio ; Mr. and Mrs. A.Cukurs ;  Miller, Chuck (photographer)",1971-10,The Latino community is protesting against the company Pabst Beer due to their lack of hiring Latinos.  The beer company did not satisfy the Impartial Employment federal law. The Latino community is asking Pabst to hire 40 Latinos and continue hiring from the Latino community. ,La comunidad latina protestó contra la empresa Pabst Beer por su falta de contratación de latinos. La compañía cervecera no cumplió con la ley federal de Empleo Imparcial. La comunidad latina le está pidiendo a Pabst que contrate a 40 latinos y continúe contratando de la comunidad latina.,Boycotts ;  Boicoteo  ;  Protests movements ; Movimientos de protesta ; Labor rights ; Derechos laborales,"Milwaukee, Wisconsin",43.04162246,-87.91112027,"Independent Voice, La Guardia, The University of Texas at Austin;https://www.jstor.org/action/doBasicSearch?Query=La+Guardia&so=rel",utblac_independentvoices_laguardia_vol.2_no.7_pg.3.2,Text,image/JPG,eng/esp,"The University of Texas Libraries makes this electronic resource available solely for the purposes of research and teaching. Copyright holders retain intellectual property rights over this content, not the University of Texas. You must request formal permission from the copyright holder to republish this material. If you would like to republish this resource in print or electronically, please contact Benson Special Collections staff at bensonspecialcollections@austin.utexas.edu. —— Las Bibliotecas de la Universidad de Texas proveen acceso a este recurso electrónico únicamente con fines de investigación y enseñanza. Los titulares de derechos de autor conservan los derechos sobre este contenido, no la Universidad de Texas. Debe obtener un permiso formal del titular de los derechos de autor para volver a publicar este material. Si quisiera publicar en forma impresa o electrónica este recurso, por favor comuníquese con el personal de las Colecciones Especiales de la Benson por correo electrónico, bensonspecialcollections@austin.utexas.edu.",In Copyright - Educational Use Permitted / Protegido por Derecho de Autor - Uso Educativo Permitido (https://rightsstatements.org/page/InC-EDU/1.0/?language=en),image,/objects/utblac_independentvoices_laguardia_vol.2_no.7_pg.3.2.JPG,,utblac_independentvoices_laguardia_vol.2_no.7_pg.3.2,/objects/small/utblac_independentvoices_laguardia_vol.2_no.7_pg.3.2_sm.jpg,/objects/thumbs/utblac_independentvoices_laguardia_vol.2_no.7_pg.3.2_th.jpg
utblac_independentvoices_laguardia015,,,,La Guardia editorial board and corporate author,1971-10,,,,"Milwaukee, Wisconsin",43.04162246,-87.91112027,"Independent Voice, La Guardia, The University of Texas at Austin;https://www.jstor.org/action/doBasicSearch?Query=La+Guardia&so=rel",utblac_independentvoices_laguardia_vol.2_no.7_pg.8.2,Text,image/jpg,eng/esp,"The University of Texas Libraries makes this electronic resource available solely for the purposes of research and teaching. Copyright holders retain intellectual property rights over this content, not the University of Texas. You must request formal permission from the copyright holder to republish this material. If you would like to republish this resource in print or electronically, please contact Benson Special Collections staff at bensonspecialcollections@austin.utexas.edu. —— Las Bibliotecas de la Universidad de Texas proveen acceso a este recurso electrónico únicamente con fines de investigación y enseñanza. Los titulares de derechos de autor conservan los derechos sobre este contenido, no la Universidad de Texas. Debe obtener un permiso formal del titular de los derechos de autor para volver a publicar este material. Si quisiera publicar en forma impresa o electrónica este recurso, por favor comuníquese con el personal de las Colecciones Especiales de la Benson por correo electrónico, bensonspecialcollections@austin.utexas.edu.",In Copyright - Educational Use Permitted / Protegido por Derecho de Autor - Uso Educativo Permitido (https://rightsstatements.org/page/InC-EDU/1.0/?language=en),image,/objects/utblac_independentvoices_laguardia_vol.2_no.7_pg.8.2.jpg,,utblac_independentvoices_laguardia_vol.2_no.7_pg.8.2,/objects/small/utblac_independentvoices_laguardia_vol.2_no.7_pg.8.2_sm.jpg,/objects/thumbs/utblac_independentvoices_laguardia_vol.2_no.7_pg.8.2_th.jpg
utblac_independentvoices_laguardia016,,"La Guardia, Volume 2, Issue 7; The Community will have Health Clinic","La Guardia, Volumen 2, Emisión 7; Communidad Tendrá Clinica de Salud","Valdez, Lalo ; Baez, Tony ; Balderas, Polo ; Valdez, Viviana ; Quesada,Carlos ; Mayer, Margie ; Chávez, Tina ; Shalhoub, Rico ; Godoy, Enrique ; Flores, Loyda ;  Villegas, Tacho ;  Rodríguez, Santos ; Álvarez, Rogelio ; Mr. and Mrs. A.Cukurs ;  Miller, Chuck (photographer)",1971-10,A clinic was built in a Latino community to serve their medical needs. The article discusses the clinic's need to hire Bilingual nurses so they could understand spanish-speaking patients'.,Se construyó una clínica en una comunidad latina para atender sus necesidades médicas. El artículo discute la necesidad de la clínica en contratar enfermeras bilingües comprender pacientes de habla hispana.,Community centers  ; Centro comunitario ; Bilingual education & bilingualism ; Educación bilingüe y bilingüismo,"Health Clinic; Milwaukee, Wisconsin",43.01880948,-87.9200292,"Independent Voice, La Guardia, The University of Texas at Austin;https://www.jstor.org/action/doBasicSearch?Query=La+Guardia&so=rel",utblac_independentvoices_laguardia_vol.2_no.7_pg.8,Text,image/jpg,eng/esp,"The University of Texas Libraries makes this electronic resource available solely for the purposes of research and teaching. Copyright holders retain intellectual property rights over this content, not the University of Texas. You must request formal permission from the copyright holder to republish this material. If you would like to republish this resource in print or electronically, please contact Benson Special Collections staff at bensonspecialcollections@austin.utexas.edu. —— Las Bibliotecas de la Universidad de Texas proveen acceso a este recurso electrónico únicamente con fines de investigación y enseñanza. Los titulares de derechos de autor conservan los derechos sobre este contenido, no la Universidad de Texas. Debe obtener un permiso formal del titular de los derechos de autor para volver a publicar este material. Si quisiera publicar en forma impresa o electrónica este recurso, por favor comuníquese con el personal de las Colecciones Especiales de la Benson por correo electrónico, bensonspecialcollections@austin.utexas.edu.",In Copyright - Educational Use Permitted / Protegido por Derecho de Autor - Uso Educativo Permitido (https://rightsstatements.org/page/InC-EDU/1.0/?language=en),image,/objects/utblac_independentvoices_laguardia_vol.2_no.7_pg.8.jpg,,utblac_independentvoices_laguardia_vol.2_no.7_pg.8,/objects/small/utblac_independentvoices_laguardia_vol.2_no.7_pg.8_sm.jpg,/objects/thumbs/utblac_independentvoices_laguardia_vol.2_no.7_pg.8_th.jpg
utblac_independentvoices_laguardia017,,"La Guardia, Volume 2, Issue 7; Sept.16 & 23 Students Walk Out!","La Guardia, Volumen 2, Emisión 7; ¡ El 16 y 23 de Septiembre Los Estudiantes Salen a Caminar!","Valdez, Lalo ;  Moreno, Maia ;   Balderas, Polo ; Shalhoub,  Rico ; Saker,   Linda ;  Gutierrez, Jesse ;  Perez,Charlie ;   Stewart, Hollis ;  Shalhoub, Lucha S.;  Alvarez, Juan ;  Bejar, Jesus ;  Miller, Chuck ; Orellana, Patt Armando ;  Andres del ""East Side"", and  Rivas, Rudy",1971-10,"Teachers organized a walk-out for Mexican and Puerto Rican students during  Mexico's and Puerto Rico's Independence Day. Students were presented with speakers and had entertainment. Issues did arise during Mexico's Independence Day walk-out, in which the principal from Lincoln High, a high-populated Latine school, did not allow the students to march.","Los maestros organizaron una marcha para estudiantes mexicanos y puertorriqueños durante el Día de la Independencia de México y Puerto Rico. A los estudiantes se les presentaron oradores y tuvieron entretenimiento. Surgieron problemas durante la huelga del Día de la Independencia de México, en la que el director de Lincoln High, una alta poblada escuela latine, no permitió que los estudiantes marcharan.",Education ; Educacion ;High school education  ; Educación secundaria  ;  Protests movements ; Movimientos de protesta ; Social activists ; ,"South Division High School; Milwaukee, Wisconsin",43.01371116,-87.93169079,"Independent Voice, La Guardia, The University of Texas at Austin;https://www.jstor.org/action/doBasicSearch?Query=La+Guardia&so=rel",utblac_independentvoices_laguardia_vol.2_no.7_pg3,Text,image/JPG,eng/esp,"The University of Texas Libraries makes this electronic resource available solely for the purposes of research and teaching. Copyright holders retain intellectual property rights over this content, not the University of Texas. You must request formal permission from the copyright holder to republish this material. If you would like to republish this resource in print or electronically, please contact Benson Special Collections staff at bensonspecialcollections@austin.utexas.edu. —— Las Bibliotecas de la Universidad de Texas proveen acceso a este recurso electrónico únicamente con fines de investigación y enseñanza. Los titulares de derechos de autor conservan los derechos sobre este contenido, no la Universidad de Texas. Debe obtener un permiso formal del titular de los derechos de autor para volver a publicar este material. Si quisiera publicar en forma impresa o electrónica este recurso, por favor comuníquese con el personal de las Colecciones Especiales de la Benson por correo electrónico, bensonspecialcollections@austin.utexas.edu.",In Copyright - Educational Use Permitted / Protegido por Derecho de Autor - Uso Educativo Permitido (https://rightsstatements.org/page/InC-EDU/1.0/?language=en),image,/objects/utblac_independentvoices_laguardia_vol.2_no.7_pg3.JPG,,utblac_independentvoices_laguardia_vol.2_no.7_pg3,/objects/small/utblac_independentvoices_laguardia_vol.2_no.7_pg3_sm.jpg,/objects/thumbs/utblac_independentvoices_laguardia_vol.2_no.7_pg3_th.jpg
utblac_independentvoices_laguardia019,,,,La Guardia editorial board and corporate author,1972-11,,,,"Centro Cultural Educativo Chicano-Boricua; Milwaukee, Wisconsin",43.0250778,-87.91319856,"Independent Voice, La Guardia, The University of Texas at Austin;https://www.jstor.org/action/doBasicSearch?Query=La+Guardia&so=rel",utblac_independentvoices_laguardia_vol.3_no.3_ccc,Text,image/PNG,eng/esp,"The University of Texas Libraries makes this electronic resource available solely for the purposes of research and teaching. Copyright holders retain intellectual property rights over this content, not the University of Texas. You must request formal permission from the copyright holder to republish this material. If you would like to republish this resource in print or electronically, please contact Benson Special Collections staff at bensonspecialcollections@austin.utexas.edu. —— Las Bibliotecas de la Universidad de Texas proveen acceso a este recurso electrónico únicamente con fines de investigación y enseñanza. Los titulares de derechos de autor conservan los derechos sobre este contenido, no la Universidad de Texas. Debe obtener un permiso formal del titular de los derechos de autor para volver a publicar este material. Si quisiera publicar en forma impresa o electrónica este recurso, por favor comuníquese con el personal de las Colecciones Especiales de la Benson por correo electrónico, bensonspecialcollections@austin.utexas.edu.",In Copyright - Educational Use Permitted / Protegido por Derecho de Autor - Uso Educativo Permitido (https://rightsstatements.org/page/InC-EDU/1.0/?language=en),image,/objects/utblac_independentvoices_laguardia_vol.3_no.3_ccc.PNG,,utblac_independentvoices_laguardia_vol.3_no.3_ccc,/objects/small/utblac_independentvoices_laguardia_vol.3_no.3_ccc_sm.jpg,/objects/thumbs/utblac_independentvoices_laguardia_vol.3_no.3_ccc_th.jpg
utblac_independentvoices_laguardia020,,"La Guardia, Volume 4, Issue 10; Free Ray Mendoza","La Guardia, Volumen 4, Emisión 10; Libre Ray Mendoza
","Villarreal, Ricardo (Kiki), Valdez, Lalo, Jr. Hall, Roy A, Guzior, Loyd, Goodson, Marla, Rodriguez, Maria, Ebott, Peter,  Gomez, Patricia, Hernandez, Roberto,  Aguilar, Francisco, Beaz,Toney, and Martinez, Estevan (photographer)",1974-08,"James Ray Mendoza was accused of killing two police officers. Mendoza and his friends were at a bar, and as they were walking out, people were harassing them. Mendoza was carrying a .22 caliber shotgun and scared them away. Later two off-duty cops began following the group and got into a fight with Mendoza and his friends. They then disclosed that they were police officers, and two of the guys ran off. Mendoza stayed to fight them off. The cops were shot and killed, leaving Mendoza in prison. Later it was discovered that the cops were shot by a .38 caliber gun. Additionally, a witness mentioned that she saw a white man fighting with the off-duty police but did not see a Mexican-American man. The newspaper followed Menodoza's story, such as protests in support of Mendoza, his trial, and his release from prison.","James Ray Mendoza fue acusado de matar a dos policías. Mendoza y sus amigos estaban en un bar, y mientras salían, la gente los acosaba. Mendoza portaba una escopeta calibre 22 y los asustó. Más tarde, dos policías fuera de servicio comenzaron a seguir al grupo y se pelearon con Mendoza y sus amigos. Luego revelaron que eran policías y dos de los sujetos se dieron a la fuga. Mendoza se quedó para luchar contra ellos. Los policías fueron asesinados a tiros, dejando a Mendoza en prisión. Más tarde se descubrió que los policías fueron baleados con una pistola calibre .38. Además, un testigo mencionó que vio a un hombre blanco peleando con la policía fuera de servicio pero no vio a un hombre mexicano-estadounidense. El periódico siguió la historia de Menodoza, como las protestas en apoyo a Mendoza, su juicio y su salida de prisión.",Protests movements ; Movimientos de protesta ; Police violence ; Violencia policial ; Imprisonment ; Encarcelamiento,"Milwaukee, Wisconsin",43.04162246,-87.91112027,"Independent Voice, La Guardia, The University of Texas at Austin;https://www.jstor.org/action/doBasicSearch?Query=La+Guardia&so=rel",utblac_independentvoices_laguardia_vol.4_no.10_pg.1,Text,image/JPG,eng/esp,"The University of Texas Libraries makes this electronic resource available solely for the purposes of research and teaching. Copyright holders retain intellectual property rights over this content, not the University of Texas. You must request formal permission from the copyright holder to republish this material. If you would like to republish this resource in print or electronically, please contact Benson Special Collections staff at bensonspecialcollections@austin.utexas.edu. —— Las Bibliotecas de la Universidad de Texas proveen acceso a este recurso electrónico únicamente con fines de investigación y enseñanza. Los titulares de derechos de autor conservan los derechos sobre este contenido, no la Universidad de Texas. Debe obtener un permiso formal del titular de los derechos de autor para volver a publicar este material. Si quisiera publicar en forma impresa o electrónica este recurso, por favor comuníquese con el personal de las Colecciones Especiales de la Benson por correo electrónico, bensonspecialcollections@austin.utexas.edu.",In Copyright - Educational Use Permitted / Protegido por Derecho de Autor - Uso Educativo Permitido (https://rightsstatements.org/page/InC-EDU/1.0/?language=en),image,/objects/utblac_independentvoices_laguardia_vol.4_no.10_pg.1.JPG,,utblac_independentvoices_laguardia_vol.4_no.10_pg.1,/objects/small/utblac_independentvoices_laguardia_vol.4_no.10_pg.1_sm.jpg,/objects/thumbs/utblac_independentvoices_laguardia_vol.4_no.10_pg.1_th.jpg
utblac_independentvoices_laguardia021,,"La Guardia, Volume 4, Issue 10; Latinos Demand Change with the Police","La Guardia, Volumen 4, Emisión 10; Latinos Demandan Cambios en Policia","Villarreal, Ricardo (Kiki), Valdez, Lalo, Jr. Hall, Roy A, Guzior, Loyd, Goodson, Marla, Rodriguez, Maria, Ebott, Peter,  Gomez, Patricia, Hernandez, Roberto,  Aguilar, Francisco, Beaz,Toney, and Martinez, Estevan (photographer)",1974-08,300 Latinos marched to demand regulations on the police and protested in defense of Mendoza's case. Ernesto Chacon spoke and discussed the issues the Latine community has faced during the last few months due to the police abusing their power. They have been invading people's homes and centers and arresting citizens.,300 latinos marcharon para exigir regulaciones a la policía y protestaron en defensa del caso de Mendoza. Ernesto Chacón habló y discutió los problemas que la comunidad latina ha enfrentado durante los últimos meses debido al abuso de poder de la policía. Han estado invadiendo casas y centros y arrestando personas.,Protests movements ; Movimientos de protesta ; Police violence ; Violencia policial ;  Imprisonment ; Encarcelamiento,"Milwaukee, Wisconsin",43.04162246,-87.91112027,"Independent Voice, La Guardia, The University of Texas at Austin;https://www.jstor.org/action/doBasicSearch?Query=La+Guardia&so=rel",utblac_independentvoices_laguardia_vol.4_no.10_pg.3,Text,image/JPG,eng/esp,"The University of Texas Libraries makes this electronic resource available solely for the purposes of research and teaching. Copyright holders retain intellectual property rights over this content, not the University of Texas. You must request formal permission from the copyright holder to republish this material. If you would like to republish this resource in print or electronically, please contact Benson Special Collections staff at bensonspecialcollections@austin.utexas.edu. —— Las Bibliotecas de la Universidad de Texas proveen acceso a este recurso electrónico únicamente con fines de investigación y enseñanza. Los titulares de derechos de autor conservan los derechos sobre este contenido, no la Universidad de Texas. Debe obtener un permiso formal del titular de los derechos de autor para volver a publicar este material. Si quisiera publicar en forma impresa o electrónica este recurso, por favor comuníquese con el personal de las Colecciones Especiales de la Benson por correo electrónico, bensonspecialcollections@austin.utexas.edu.",In Copyright - Educational Use Permitted / Protegido por Derecho de Autor - Uso Educativo Permitido (https://rightsstatements.org/page/InC-EDU/1.0/?language=en),image,/objects/utblac_independentvoices_laguardia_vol.4_no.10_pg.3.JPG,,utblac_independentvoices_laguardia_vol.4_no.10_pg.3,/objects/small/utblac_independentvoices_laguardia_vol.4_no.10_pg.3_sm.jpg,/objects/thumbs/utblac_independentvoices_laguardia_vol.4_no.10_pg.3_th.jpg
utblac_independentvoices_laguardia022,,"La Guardia, Volume 4, Issue 10; M.U Law School Discriminates","La Guardia, Volumen 4, Emisión 10; M.U Escuela de Leyes Discrimina","Villarreal, Ricardo (Kiki), Valdez, Lalo, Jr. Hall, Roy A, Guzior, Loyd, Goodson, Marla, Rodriguez, Maria, Ebott, Peter,  Gomez, Patricia, Hernandez, Roberto,  Aguilar, Francisco, Beaz,Toney, and Martinez, Estevan (photographer)",1974-08,"The University of Marquette Law students approached the dean to discuss issues concerning Latine, Black, and Native students, such as the exclusions of students, the development of an affirmative action program, grading system discriminating the Latine, Black, and Native students. The dean refused to talk to these students due to the media attention this meeting garnered."," Los estudiantes de derecho de la Universidad de Marquette se acercaron al decano para discutir temas relacionados con los estudiantes latinos, negros e indígenas, como la exclusión de estudiantes, el desarrollo de un programa de acción afirmativa, el sistema de calificación que discrimina a los estudiantes latinos, negros e indígenas. El decano se negó a hablar con estos estudiantes debido a la atención de los medios que atrajo esta reunión.",Higher education ; Enseñanza superior ; Media ;  medios de comunicación ; ,"Milwaukee, Wisconsin",43.04162246,-87.91112027,"Independent Voice, La Guardia, The University of Texas at Austin;https://www.jstor.org/action/doBasicSearch?Query=La+Guardia&so=rel",utblac_independentvoices_laguardia_vol.4_no.10_pg2,Text,image/JPG,eng/esp,"The University of Texas Libraries makes this electronic resource available solely for the purposes of research and teaching. Copyright holders retain intellectual property rights over this content, not the University of Texas. You must request formal permission from the copyright holder to republish this material. If you would like to republish this resource in print or electronically, please contact Benson Special Collections staff at bensonspecialcollections@austin.utexas.edu. —— Las Bibliotecas de la Universidad de Texas proveen acceso a este recurso electrónico únicamente con fines de investigación y enseñanza. Los titulares de derechos de autor conservan los derechos sobre este contenido, no la Universidad de Texas. Debe obtener un permiso formal del titular de los derechos de autor para volver a publicar este material. Si quisiera publicar en forma impresa o electrónica este recurso, por favor comuníquese con el personal de las Colecciones Especiales de la Benson por correo electrónico, bensonspecialcollections@austin.utexas.edu.",In Copyright - Educational Use Permitted / Protegido por Derecho de Autor - Uso Educativo Permitido (https://rightsstatements.org/page/InC-EDU/1.0/?language=en),image,/objects/utblac_independentvoices_laguardia_vol.4_no.10_pg2.JPG,,utblac_independentvoices_laguardia_vol.4_no.10_pg2,/objects/small/utblac_independentvoices_laguardia_vol.4_no.10_pg2_sm.jpg,/objects/thumbs/utblac_independentvoices_laguardia_vol.4_no.10_pg2_th.jpg
utblac_independentvoices_laguardia023,,"La Guardia, Volume 4, Issue 9; We're Standing Up with Them in the Fields -- Will You Stand Up with Them in Stores?","La Guardia, Volumen 4, Emisión 9; Estamos con ellos en los campos. ¿Estarás tú con ellos en las tiendas?","Villarreal, Ricardo (Kiki) ; Valdez, Lalo ; Jr. Hall, Roy A. ; Guzior, Loyd ; Goodson, Marla ; Rodriguez, Maria ; Ebott, Peter ; Gomez, Patricia ; Hernandez, Roberto ; Aguilar, Francisco ; Martinez, Estevan (photographer)",1974-06,"The farmworkers want to do a secret ballot vote to see which union will represent them, UFW or the Teamsters. The growers would prefer the Teamster union due to their contract reducing the workers’ pay, no restriction on man-killing pesticides, and no medical benefits. Consequently, the farmworkers are boycotting the growers so they have a right to vote on what union will represent them. The newspaper urges the community to boycott buying grapes and donate money to feed farmworkers who will miss work.","Los trabajadores agrícolas quieren hacer una votación secreta para ver qué sindicato los representará, UFW o Teamsters. Los productores preferirían el sindicato Teamster debido a que su contrato reduce el salario de los trabajadores, no hay restricciones sobre los pesticidas que matan al persona y no hay beneficios médicos. En consecuencia, los trabajadores agrícolas están boicoteando a los agricultores para que tengan derecho a votar sobre qué sindicato los representará. El periódico insta a la comunidad a boicotear la compra de uvas y donar dinero para alimentar a los trabajadores agrícolas que faltarán al trabajo.",Migrant agricultural laborers  ; Trabajadores migratorios agrícolas   ;  Farmworkers ; Trabajadores agrícolas; Boycotts ;  Boicoteo  ;  Protests movements ; Movimientos de protesta ;  Labor rights ; Derechos laborales,Marquette University Law School,43.03720228,-87.926895,"Independent Voice, La Guardia, The University of Texas at Austin;https://www.jstor.org/action/doBasicSearch?Query=La+Guardia&so=rel",utblac_independentvoices_laguardia_vol.4_no.9_pg9,Text,image/JPG,eng/esp,"The University of Texas Libraries makes this electronic resource available solely for the purposes of research and teaching. Copyright holders retain intellectual property rights over this content, not the University of Texas. You must request formal permission from the copyright holder to republish this material. If you would like to republish this resource in print or electronically, please contact Benson Special Collections staff at bensonspecialcollections@austin.utexas.edu. —— Las Bibliotecas de la Universidad de Texas proveen acceso a este recurso electrónico únicamente con fines de investigación y enseñanza. Los titulares de derechos de autor conservan los derechos sobre este contenido, no la Universidad de Texas. Debe obtener un permiso formal del titular de los derechos de autor para volver a publicar este material. Si quisiera publicar en forma impresa o electrónica este recurso, por favor comuníquese con el personal de las Colecciones Especiales de la Benson por correo electrónico, bensonspecialcollections@austin.utexas.edu.",In Copyright - Educational Use Permitted / Protegido por Derecho de Autor - Uso Educativo Permitido (https://rightsstatements.org/page/InC-EDU/1.0/?language=en),image,/objects/utblac_independentvoices_laguardia_vol.4_no.9_pg9.JPG,,utblac_independentvoices_laguardia_vol.4_no.9_pg9,/objects/small/utblac_independentvoices_laguardia_vol.4_no.9_pg9_sm.jpg,/objects/thumbs/utblac_independentvoices_laguardia_vol.4_no.9_pg9_th.jpg
utblac_independentvoices_laguardia024,,,,La Guardia editorial board and corporate author,1975-07,,,,"Milwaukee, Wisconsin",43.04162246,-87.91112027,"Independent Voice, La Guardia, The University of Texas at Austin;https://www.jstor.org/action/doBasicSearch?Query=La+Guardia&so=rel",utblac_independentvoices_laguardia_vol.5_no.3_thetruthaboutraymendoza,Text,image/PNG,eng/esp,"The University of Texas Libraries makes this electronic resource available solely for the purposes of research and teaching. Copyright holders retain intellectual property rights over this content, not the University of Texas. You must request formal permission from the copyright holder to republish this material. If you would like to republish this resource in print or electronically, please contact Benson Special Collections staff at bensonspecialcollections@austin.utexas.edu. —— Las Bibliotecas de la Universidad de Texas proveen acceso a este recurso electrónico únicamente con fines de investigación y enseñanza. Los titulares de derechos de autor conservan los derechos sobre este contenido, no la Universidad de Texas. Debe obtener un permiso formal del titular de los derechos de autor para volver a publicar este material. Si quisiera publicar en forma impresa o electrónica este recurso, por favor comuníquese con el personal de las Colecciones Especiales de la Benson por correo electrónico, bensonspecialcollections@austin.utexas.edu.",In Copyright - Educational Use Permitted / Protegido por Derecho de Autor - Uso Educativo Permitido (https://rightsstatements.org/page/InC-EDU/1.0/?language=en),image,/objects/utblac_independentvoices_laguardia_vol.5_no.3_thetruthaboutraymendoza.PNG,,utblac_independentvoices_laguardia_vol.5_no.3_thetruthaboutraymendoza,/objects/small/utblac_independentvoices_laguardia_vol.5_no.3_thetruthaboutraymendoza_sm.jpg,/objects/thumbs/utblac_independentvoices_laguardia_vol.5_no.3_thetruthaboutraymendoza_th.jpg
utblac_independentvoices_laguardia025,,,,La Guardia editorial board and corporate author,1975-07,,,,"Milwaukee, Wisconsin",43.04162246,-87.91112027,"Independent Voice, La Guardia, The University of Texas at Austin;https://www.jstor.org/action/doBasicSearch?Query=La+Guardia&so=rel",utblac_independentvoices_laguardia_vol.5_no.6_pg.1,Text,image/JPG,eng/esp,"The University of Texas Libraries makes this electronic resource available solely for the purposes of research and teaching. Copyright holders retain intellectual property rights over this content, not the University of Texas. You must request formal permission from the copyright holder to republish this material. If you would like to republish this resource in print or electronically, please contact Benson Special Collections staff at bensonspecialcollections@austin.utexas.edu. —— Las Bibliotecas de la Universidad de Texas proveen acceso a este recurso electrónico únicamente con fines de investigación y enseñanza. Los titulares de derechos de autor conservan los derechos sobre este contenido, no la Universidad de Texas. Debe obtener un permiso formal del titular de los derechos de autor para volver a publicar este material. Si quisiera publicar en forma impresa o electrónica este recurso, por favor comuníquese con el personal de las Colecciones Especiales de la Benson por correo electrónico, bensonspecialcollections@austin.utexas.edu.",In Copyright - Educational Use Permitted / Protegido por Derecho de Autor - Uso Educativo Permitido (https://rightsstatements.org/page/InC-EDU/1.0/?language=en),image,/objects/utblac_independentvoices_laguardia_vol.5_no.6_pg.1.JPG,,utblac_independentvoices_laguardia_vol.5_no.6_pg.1,/objects/small/utblac_independentvoices_laguardia_vol.5_no.6_pg.1_sm.jpg,/objects/thumbs/utblac_independentvoices_laguardia_vol.5_no.6_pg.1_th.jpg
utblac_independentvoices_laguardia026,,"La Guardia, Volume 5, Issue 6; Puerto Rican Parade is Over","La Guardia, Volumen 5, Emisión 6; Se Llega Acabo Desfile Puertorriqueño","Villarreal, Ricardo (Kiki) ; Baez, Tony ; Gomez, Patricia ; Valdez, Lalo ; Martinez, Lynn ; Hernandez, Roberto ; Valdez, Walkin' Joaquin ; Ruiz, Elsa ; Martinez, Esteban ; Guzior, Loyd ; Rodriquez, Maria ; Black, Carolyn",1975-07,"Every year the Milwaukee community has Puerto Rican week, in which they celebrate Saint John the Baptist, the Patron Saint of Puerto Rico, and it provides awareness and interest in the Puerto Rican culture around the Milwaukee community. The celebration has performances, a parade, and events for women, teens, children, and adults.","Cada año la comunidad de Milwaukee tiene la semana puertorriqueña, en la que celebran a San Juan Bautista, el Santo Patrono de Puerto Rico, y genera conciencia e interés pora la cultura puertorriqueña en la comunidad de Milwaukee. La celebración cuenta con actuaciones, desfile y eventos para mujeres, adolescentes, niños y adultos.",Cultural celebrations ; Celebración cultural ; Puerto Ricans ; Puertorriqueños ,"Milwaukee, Wisconsin",43.04162246,-87.91112027,"Independent Voice, La Guardia, The University of Texas at Austin;https://www.jstor.org/action/doBasicSearch?Query=La+Guardia&so=rel",utblac_independentvoices_laguardia_vol.5_no.6_pg.2,Text,image/JPG,eng/esp,"The University of Texas Libraries makes this electronic resource available solely for the purposes of research and teaching. Copyright holders retain intellectual property rights over this content, not the University of Texas. You must request formal permission from the copyright holder to republish this material. If you would like to republish this resource in print or electronically, please contact Benson Special Collections staff at bensonspecialcollections@austin.utexas.edu. —— Las Bibliotecas de la Universidad de Texas proveen acceso a este recurso electrónico únicamente con fines de investigación y enseñanza. Los titulares de derechos de autor conservan los derechos sobre este contenido, no la Universidad de Texas. Debe obtener un permiso formal del titular de los derechos de autor para volver a publicar este material. Si quisiera publicar en forma impresa o electrónica este recurso, por favor comuníquese con el personal de las Colecciones Especiales de la Benson por correo electrónico, bensonspecialcollections@austin.utexas.edu.",In Copyright - Educational Use Permitted / Protegido por Derecho de Autor - Uso Educativo Permitido (https://rightsstatements.org/page/InC-EDU/1.0/?language=en),image,/objects/utblac_independentvoices_laguardia_vol.5_no.6_pg.2.JPG,,utblac_independentvoices_laguardia_vol.5_no.6_pg.2,/objects/small/utblac_independentvoices_laguardia_vol.5_no.6_pg.2_sm.jpg,/objects/thumbs/utblac_independentvoices_laguardia_vol.5_no.6_pg.2_th.jpg
utblac_independentvoices_laguardia027,,"La Guardia, Volume 5, Issue 6; Free Ray Mendoza","La Guardia, Volumen 5, Emisión 6;  Libre Ray Mendoza
","Villarreal, Ricardo (Kiki), Valdez, Lalo, Jr. Hall, Roy A, Guzior, Loyd, Goodson, Marla, Rodriguez, Maria, Ebott, Peter,  Gomez, Patricia, Hernandez, Roberto,  Aguilar, Francisco, Beaz,Toney, and Martinez, Estevan (photographer)",1975-07,"James Ray Mendoza was accused of killing two police officers. Mendoza and his friends were at a bar, and as they were walking out, people were harassing them. Mendoza was carrying a .22 caliber shotgun and scared them away. Later two off-duty cops began following the group and got into a fight with Mendoza and his friends. They then disclosed that they were police officers, and two of the guys ran off. Mendoza stayed to fight them off. The cops were shot and killed, leaving Mendoza in prison. Later it was discovered that the cops were shot by a .38 caliber gun. Additionally, a witness mentioned that she saw a white man fighting with the off-duty police but did not see a Mexican-American man. The newspaper followed Menodoza's story, such as protests in support of Mendoza, his trial, and his release from prison.","James Ray Mendoza fue acusado de matar a dos policías. Mendoza y sus amigos estaban en un bar, y mientras salían, la gente los acosaba. Mendoza portaba una escopeta calibre 22 y los asustó. Más tarde, dos policías fuera de servicio comenzaron a seguir al grupo y se pelearon con Mendoza y sus amigos. Luego revelaron que eran policías y dos de los sujetos se dieron a la fuga. Mendoza se quedó para luchar contra ellos. Los policías fueron asesinados a tiros, dejando a Mendoza en prisión. Más tarde se descubrió que los policías fueron baleados con una pistola calibre .38. Además, un testigo mencionó que vio a un hombre blanco peleando con la policía fuera de servicio pero no vio a un hombre mexicano-estadounidense. El periódico siguió la historia de Menodoza, como las protestas en apoyo a Mendoza, su juicio y su salida de prisión.",Protests movements ; Movimientos de protesta ; Police violence ; Violencia policial ; Imprisonment ; Encarcelamiento,"Milwaukee, Wisconsin",43.04162246,-87.91112027,"Independent Voice, La Guardia, The University of Texas at Austin;https://www.jstor.org/action/doBasicSearch?Query=La+Guardia&so=rel",utblac_independentvoices_laguardia_vol.5_no.6_pg.3,Text,image/JPG,eng/esp,"The University of Texas Libraries makes this electronic resource available solely for the purposes of research and teaching. Copyright holders retain intellectual property rights over this content, not the University of Texas. You must request formal permission from the copyright holder to republish this material. If you would like to republish this resource in print or electronically, please contact Benson Special Collections staff at bensonspecialcollections@austin.utexas.edu. —— Las Bibliotecas de la Universidad de Texas proveen acceso a este recurso electrónico únicamente con fines de investigación y enseñanza. Los titulares de derechos de autor conservan los derechos sobre este contenido, no la Universidad de Texas. Debe obtener un permiso formal del titular de los derechos de autor para volver a publicar este material. Si quisiera publicar en forma impresa o electrónica este recurso, por favor comuníquese con el personal de las Colecciones Especiales de la Benson por correo electrónico, bensonspecialcollections@austin.utexas.edu.",In Copyright - Educational Use Permitted / Protegido por Derecho de Autor - Uso Educativo Permitido (https://rightsstatements.org/page/InC-EDU/1.0/?language=en),image,/objects/utblac_independentvoices_laguardia_vol.5_no.6_pg.3.JPG,,utblac_independentvoices_laguardia_vol.5_no.6_pg.3,/objects/small/utblac_independentvoices_laguardia_vol.5_no.6_pg.3_sm.jpg,/objects/thumbs/utblac_independentvoices_laguardia_vol.5_no.6_pg.3_th.jpg
utblac_independentvoices_laguardia028,,"La Guardia, Volume 5, Issue 6; The Sorrows Are Ours... The Cows Are Others'","La Guardia, Volumen 5, Emisión 6; Las Penas Son de Nosotros... Las Vaquitas Son Ajenas",La Guardia editorial board and corporate author,1975-07,"During the yearly Milwaukee Summerfest event, Latine artists like Jazz player Gato Barbieri perform. The article focuses on Barbieri and the activism he brings to his music, such as stating issues in third-world countries and making his audience think.",,,"Milwaukee, Wisconsin",43.04162246,-87.91112027,"Independent Voice, La Guardia, The University of Texas at Austin;https://www.jstor.org/action/doBasicSearch?Query=La+Guardia&so=rel",utblac_independentvoices_laguardia_vol.5_no.6_pg.8,Text,image/JPG,eng/esp,"The University of Texas Libraries makes this electronic resource available solely for the purposes of research and teaching. Copyright holders retain intellectual property rights over this content, not the University of Texas. You must request formal permission from the copyright holder to republish this material. If you would like to republish this resource in print or electronically, please contact Benson Special Collections staff at bensonspecialcollections@austin.utexas.edu. —— Las Bibliotecas de la Universidad de Texas proveen acceso a este recurso electrónico únicamente con fines de investigación y enseñanza. Los titulares de derechos de autor conservan los derechos sobre este contenido, no la Universidad de Texas. Debe obtener un permiso formal del titular de los derechos de autor para volver a publicar este material. Si quisiera publicar en forma impresa o electrónica este recurso, por favor comuníquese con el personal de las Colecciones Especiales de la Benson por correo electrónico, bensonspecialcollections@austin.utexas.edu.",In Copyright - Educational Use Permitted / Protegido por Derecho de Autor - Uso Educativo Permitido (https://rightsstatements.org/page/InC-EDU/1.0/?language=en),image,/objects/utblac_independentvoices_laguardia_vol.5_no.6_pg.8.JPG,,utblac_independentvoices_laguardia_vol.5_no.6_pg.8,/objects/small/utblac_independentvoices_laguardia_vol.5_no.6_pg.8_sm.jpg,/objects/thumbs/utblac_independentvoices_laguardia_vol.5_no.6_pg.8_th.jpg
utblac_independentvoices_laguardia029,,,,La Guardia editorial board and corporate author,1977-05,,,,"Midtown Manhattan New York, New York",40.75106163,-73.99818588,"Independent Voice, La Guardia, The University of Texas at Austin;https://www.jstor.org/action/doBasicSearch?Query=La+Guardia&so=rel",utblac_independentvoices_laguardia_vol.7_no.11_Nuestro,Text,image/PNG,eng/esp,"The University of Texas Libraries makes this electronic resource available solely for the purposes of research and teaching. Copyright holders retain intellectual property rights over this content, not the University of Texas. You must request formal permission from the copyright holder to republish this material. If you would like to republish this resource in print or electronically, please contact Benson Special Collections staff at bensonspecialcollections@austin.utexas.edu. —— Las Bibliotecas de la Universidad de Texas proveen acceso a este recurso electrónico únicamente con fines de investigación y enseñanza. Los titulares de derechos de autor conservan los derechos sobre este contenido, no la Universidad de Texas. Debe obtener un permiso formal del titular de los derechos de autor para volver a publicar este material. Si quisiera publicar en forma impresa o electrónica este recurso, por favor comuníquese con el personal de las Colecciones Especiales de la Benson por correo electrónico, bensonspecialcollections@austin.utexas.edu.",In Copyright - Educational Use Permitted / Protegido por Derecho de Autor - Uso Educativo Permitido (https://rightsstatements.org/page/InC-EDU/1.0/?language=en),image,/objects/utblac_independentvoices_laguardia_vol.7_no.11_Nuestro.PNG,,utblac_independentvoices_laguardia_vol.7_no.11_Nuestro,/objects/small/utblac_independentvoices_laguardia_vol.7_no.11_nuestro_sm.jpg,/objects/thumbs/utblac_independentvoices_laguardia_vol.7_no.11_nuestro_th.jpg
utblac_independentvoices_laguardia030,,"La Guardia, Volume 7, Issue 11; Riveras Charges Dropped","La Guardia, Volumen 7, Emisión 11;",Steve Martinez ; Charlie Quesada ; Cristobal Berry Caban ; Berta Zamuido ; MaryAnne Onorato ; Ira Flores ; Ricardo Enriquez ; Maribelle Domena,1977-05,"Police illegally entered Maria Rivera’s home. They harassed, beat her, and terrorized her children. She was arrested for defending herself and falsely charged with “obstructing an officer.” She was let go the next day, but Maria and her mother filed a police brutality report, and was arrested with “battery to a peace officer.” The chargers were dropped a year later.","La policía ingresó ilegalmente a la casa de María Rivera. La acosaron, golpearon y aterrorizaron a sus hijos. Fue arrestada por defenderse y acusada falsamente de “obstruir a un oficial”. La dejaron ir al día siguiente, pero María y su madre presentaron un informe de brutalidad policial. En consecuencia, María fue arrestada con “golpes a un oficial de paz”. Los cargadores se abandonaron un año después.",Police violence ; Violencia policial ;  Imprisonment ; Encarcelamiento,"Milwaukee, Wisconsin",43.04162246,-87.91112027,"Independent Voice, La Guardia, The University of Texas at Austin;https://www.jstor.org/action/doBasicSearch?Query=La+Guardia&so=rel",utblac_independentvoices_laguardia_vol.7_no.11_pg.11,Text,image/jpg,eng/esp,"The University of Texas Libraries makes this electronic resource available solely for the purposes of research and teaching. Copyright holders retain intellectual property rights over this content, not the University of Texas. You must request formal permission from the copyright holder to republish this material. If you would like to republish this resource in print or electronically, please contact Benson Special Collections staff at bensonspecialcollections@austin.utexas.edu. —— Las Bibliotecas de la Universidad de Texas proveen acceso a este recurso electrónico únicamente con fines de investigación y enseñanza. Los titulares de derechos de autor conservan los derechos sobre este contenido, no la Universidad de Texas. Debe obtener un permiso formal del titular de los derechos de autor para volver a publicar este material. Si quisiera publicar en forma impresa o electrónica este recurso, por favor comuníquese con el personal de las Colecciones Especiales de la Benson por correo electrónico, bensonspecialcollections@austin.utexas.edu.",In Copyright - Educational Use Permitted / Protegido por Derecho de Autor - Uso Educativo Permitido (https://rightsstatements.org/page/InC-EDU/1.0/?language=en),image,/objects/utblac_independentvoices_laguardia_vol.7_no.11_pg.11.jpg,,utblac_independentvoices_laguardia_vol.7_no.11_pg.11,/objects/small/utblac_independentvoices_laguardia_vol.7_no.11_pg.11_sm.jpg,/objects/thumbs/utblac_independentvoices_laguardia_vol.7_no.11_pg.11_th.jpg
utblac_independentvoices_laguardia031,,"La Guardia, Volume 7, Issue 11;The Migrant Legislature Will Be Law","La Guardia, Volumen 7, Emisión 11; La Legislatura Migrante Sera Lay",Steve Martinez ; Charlie Quesada ; Cristobal Berry Caban ; Berta Zamuido ; MaryAnne Onorato ; Ira Flores ; Ricardo Enriquez ; Maribelle Domena,1977-05,"The Agricultural Workers Organizing Committee (AWOC) successfully passed the Migrant Bill for Wisconsin farm workers. The bill provides the creation of a council on migrant labor in the Department of Industry, Labor, and Human Relations, a review of the minimum work guarantee, written work agreements for workers, guarantees minimum hours for workers, inspection and certification of migrant labor camps, and more. ","El Comité Organizador de Trabajadores Agrícolas (AWOC, por sus siglas en inglés) aprobó con éxito la Ley de Migrantes para trabajadores agrícolas de Wisconsin. El proyecto de ley prevé la creación de un consejo sobre trabajo migrante en el Departamento de Industria, Trabajo y Relaciones Humanas, una revisión de la garantía mínima de trabajo, acuerdos de trabajo escritos para los trabajadores, garantías de horas mínimas para los trabajadores, inspección y certificación de campamentos de trabajo migrante, y más.",Migrant agricultural laborers  ; Trabajadores migratorios agrícolas ;  Labor rights ; Derechos laborales   ,"Milwaukee, Wisconsin",43.04162246,-87.91112027,"Independent Voice, La Guardia, The University of Texas at Austin;https://www.jstor.org/action/doBasicSearch?Query=La+Guardia&so=rel",utblac_independentvoices_laguardia_vol.7_no.11_pg.4,Text,image/JPG,eng/esp,"The University of Texas Libraries makes this electronic resource available solely for the purposes of research and teaching. Copyright holders retain intellectual property rights over this content, not the University of Texas. You must request formal permission from the copyright holder to republish this material. If you would like to republish this resource in print or electronically, please contact Benson Special Collections staff at bensonspecialcollections@austin.utexas.edu. —— Las Bibliotecas de la Universidad de Texas proveen acceso a este recurso electrónico únicamente con fines de investigación y enseñanza. Los titulares de derechos de autor conservan los derechos sobre este contenido, no la Universidad de Texas. Debe obtener un permiso formal del titular de los derechos de autor para volver a publicar este material. Si quisiera publicar en forma impresa o electrónica este recurso, por favor comuníquese con el personal de las Colecciones Especiales de la Benson por correo electrónico, bensonspecialcollections@austin.utexas.edu.",In Copyright - Educational Use Permitted / Protegido por Derecho de Autor - Uso Educativo Permitido (https://rightsstatements.org/page/InC-EDU/1.0/?language=en),image,/objects/utblac_independentvoices_laguardia_vol.7_no.11_pg.4.JPG,,utblac_independentvoices_laguardia_vol.7_no.11_pg.4,/objects/small/utblac_independentvoices_laguardia_vol.7_no.11_pg.4_sm.jpg,/objects/thumbs/utblac_independentvoices_laguardia_vol.7_no.11_pg.4_th.jpg
utblac_independentvoices_laguardia032,,,,La Guardia editorial board and corporate author,1977-05,,,,"Milwaukee, Wisconsin",43.04162246,-87.91112027,"Independent Voice, La Guardia, The University of Texas at Austin;https://www.jstor.org/action/doBasicSearch?Query=La+Guardia&so=rel",utblac_independentvoices_laguardia_vol.7_no.11_pg.6,Text,image/JPG,eng/esp,"The University of Texas Libraries makes this electronic resource available solely for the purposes of research and teaching. Copyright holders retain intellectual property rights over this content, not the University of Texas. You must request formal permission from the copyright holder to republish this material. If you would like to republish this resource in print or electronically, please contact Benson Special Collections staff at bensonspecialcollections@austin.utexas.edu. —— Las Bibliotecas de la Universidad de Texas proveen acceso a este recurso electrónico únicamente con fines de investigación y enseñanza. Los titulares de derechos de autor conservan los derechos sobre este contenido, no la Universidad de Texas. Debe obtener un permiso formal del titular de los derechos de autor para volver a publicar este material. Si quisiera publicar en forma impresa o electrónica este recurso, por favor comuníquese con el personal de las Colecciones Especiales de la Benson por correo electrónico, bensonspecialcollections@austin.utexas.edu.",In Copyright - Educational Use Permitted / Protegido por Derecho de Autor - Uso Educativo Permitido (https://rightsstatements.org/page/InC-EDU/1.0/?language=en),image,/objects/utblac_independentvoices_laguardia_vol.7_no.11_pg.6.JPG,,utblac_independentvoices_laguardia_vol.7_no.11_pg.6,/objects/small/utblac_independentvoices_laguardia_vol.7_no.11_pg.6_sm.jpg,/objects/thumbs/utblac_independentvoices_laguardia_vol.7_no.11_pg.6_th.jpg
utblac_independentvoices_laguardia033,,"La Guardia, Volume 7, Issue 11; Song for the Community","La Guardia, Volumen 7, Emisión 11; Canto Al Pueblo ",Steve Martinez ; Charlie Quesada ; Cristobal Berry Caban ; Berta Zamuido ; MaryAnne Onorato ; Ira Flores ; Ricardo Enriquez ; Maribelle Domena,1977-05,"Canto Al Pueblo is an artistic event that brings together Chicano artists, muralists, poets, writers, musicians, and more. The goals event is to show the creativity of Latines in the Mid-west and gain recognition. The event encourages White, Black, Indigenous, and Puerto Ricans to participate. ","Canto Al Pueblo es un evento artístico que reúne a artistas chicanos, muralistas, poetas, escritores, músicos y más. El objetivo del evento es mostrar la creatividad de los latinos en el Medio Oeste y ganar reconocimiento. El evento anima a participar a los blancos, negros, indígenas y puertorriqueños.",Cultural celebrations ; Celebración cultural ; Performers ;  Artista ;  Chicano,"Milwaukee, Wisconsin",43.04162246,-87.91112027,"Independent Voice, La Guardia, The University of Texas at Austin;https://www.jstor.org/action/doBasicSearch?Query=La+Guardia&so=rel",utblac_independentvoices_laguardia_vol.7_no.11_pg.7,Text,image/jpg,eng/esp,"The University of Texas Libraries makes this electronic resource available solely for the purposes of research and teaching. Copyright holders retain intellectual property rights over this content, not the University of Texas. You must request formal permission from the copyright holder to republish this material. If you would like to republish this resource in print or electronically, please contact Benson Special Collections staff at bensonspecialcollections@austin.utexas.edu. —— Las Bibliotecas de la Universidad de Texas proveen acceso a este recurso electrónico únicamente con fines de investigación y enseñanza. Los titulares de derechos de autor conservan los derechos sobre este contenido, no la Universidad de Texas. Debe obtener un permiso formal del titular de los derechos de autor para volver a publicar este material. Si quisiera publicar en forma impresa o electrónica este recurso, por favor comuníquese con el personal de las Colecciones Especiales de la Benson por correo electrónico, bensonspecialcollections@austin.utexas.edu.",In Copyright - Educational Use Permitted / Protegido por Derecho de Autor - Uso Educativo Permitido (https://rightsstatements.org/page/InC-EDU/1.0/?language=en),multiple,/objects/utblac_independentvoices_laguardia_vol.7_no.11_pg.7.jpg,,utblac_independentvoices_laguardia_vol.7_no.11_pg.7,/objects/small/utblac_independentvoices_laguardia_vol.7_no.11_pg.7_sm.jpg,/objects/thumbs/utblac_independentvoices_laguardia_vol.7_no.11_pg.7_th.jpg
utblac_independentvoices_laguardia034,utblac_independentvoices_laguardia033,,,Steve Martinez ; Charlie Quesada ; Cristobal Berry Caban ; Berta Zamuido ; MaryAnne Onorato ; Ira Flores ; Ricardo Enriquez ; Maribelle Domena,1977-05,"Canto Al Pueblo is an artistic event that brings together Chicano artists, muralists, poets, writers, musicians, and more. The goals event is to show the creativity of Latines in the Mid-west and gain recognition. The event encourages White, Black, Indigenous, and Puerto Ricans to participate. ","Canto Al Pueblo es un evento artístico que reúne a artistas chicanos, muralistas, poetas, escritores, músicos y más. El objetivo del evento es mostrar la creatividad de los latinos en el Medio Oeste y ganar reconocimiento. El evento anima a participar a los blancos, negros, indígenas y puertorriqueños.",Cultural celebrations ; Celebración cultural ; Performers ;  Artista ;  Chicano,"Milwaukee, Wisconsin",43.04162246,-87.91112027,"Independent Voice, La Guardia, The University of Texas at Austin;https://www.jstor.org/action/doBasicSearch?Query=La+Guardia&so=rel",utblac_independentvoices_laguardia_vol.7_no.11_pg.8,Text,image/jpg,eng/esp,"The University of Texas Libraries makes this electronic resource available solely for the purposes of research and teaching. Copyright holders retain intellectual property rights over this content, not the University of Texas. You must request formal permission from the copyright holder to republish this material. If you would like to republish this resource in print or electronically, please contact Benson Special Collections staff at bensonspecialcollections@austin.utexas.edu. —— Las Bibliotecas de la Universidad de Texas proveen acceso a este recurso electrónico únicamente con fines de investigación y enseñanza. Los titulares de derechos de autor conservan los derechos sobre este contenido, no la Universidad de Texas. Debe obtener un permiso formal del titular de los derechos de autor para volver a publicar este material. Si quisiera publicar en forma impresa o electrónica este recurso, por favor comuníquese con el personal de las Colecciones Especiales de la Benson por correo electrónico, bensonspecialcollections@austin.utexas.edu.",In Copyright - Educational Use Permitted / Protegido por Derecho de Autor - Uso Educativo Permitido (https://rightsstatements.org/page/InC-EDU/1.0/?language=en),multiple,/objects/utblac_independentvoices_laguardia_vol.7_no.11_pg.8.jpg,,utblac_independentvoices_laguardia_vol.7_no.11_pg.8,/objects/small/utblac_independentvoices_laguardia_vol.7_no.11_pg.8_sm.jpg,/objects/thumbs/utblac_independentvoices_laguardia_vol.7_no.11_pg.8_th.jpg